{
  "team_id": 568,
  "season": 2024,
  "collection_timestamp": "2025-07-04T12:15:32.791987",
  "formations_analysis": {
    "formations_used": {
      "4-3-3": 2,
      "4-2-3-1": 2,
      "3-5-2": 1,
      "4-4-2": 1
    },
    "formation_percentages": {
      "4-3-3": 33.33333333333333,
      "4-2-3-1": 33.33333333333333,
      "3-5-2": 16.666666666666664,
      "4-4-2": 16.666666666666664
    },
    "most_frequent_formation": [
      "4-3-3",
      2
    ],
    "formation_variety_score": 0.6666666666666666
  }
}