Model,Test_R2,Test_MAE,Test_RMSE,Val_R2
Combined,0.9519674505187424,1.1688885287763868,1.5846089743649774,0.9139804119118425
Forward,0.9912492771063511,0.3809919728111362,0.6872917850899066,0.993829850200682
Midfield,0.9573571567193261,0.8329179279431344,1.1322829458633492,0.9556837970058368
Defense,0.9764430815421326,0.4589922941849177,0.6282966827956455,0.9561589804709049
